{"cameraMode":{"drawMode":0,"name":"Shaded","section":"Shading Mode"},"sceneLighting":true,"audioPlay":false,"sceneViewState":{"showFog":true,"showMaterialUpdate":false,"showSkybox":true,"showFlares":true,"showImageEffects":true,"showParticleSystems":true},"in2DMode":false,"pivot":{"x":1034.0999755859375,"y":617.4562377929688,"z":0.0},"rotation":{"x":0.22907130420207978,"y":-0.08021069318056107,"z":0.018954524770379068,"w":0.9700435996055603},"size":385.7776184082031,"orthographic":false}